customer_id,customer_name,city,email,phone_number
1,Shlok Rajagopal,Mumbai,tgopal@gmail.com,9.10056E+11
2,Priyansh Bhattacharyya,Delhi,zsehgal@gmail.com,9101044637
3,Himmat Ramesh,Mumbai,pranaydhar@badal.com,9.17424E+11
4,Samiha Subramaniam,Ahmedabad,nirvi90@hotmail.com,9093460188
5,Miraan Bhatt,Kolkata,neysa32@varghese.com,1569905742
6,Miraan Ramesh,Bengaluru,kabir00@yahoo.com,3169632515
7,Yuvraj  Sarna,Chennai,adah89@bera.info,9.11076E+11
8,Divyansh Shetty,Surat,sbaria@tata.biz,9.11773E+11
9,Vanya Bath,Pune,ogarg@balakrishnan.info,1255464781
10,Hridaan Kapur,Bengaluru,akarshbanerjee@suresh.biz,9471976879
11,Ayesha Dash,Kolkata,ikar@mani-goyal.info,9.11165E+11
12,Hunar Anand,Chennai,jayanyadav@yahoo.com,3430553091
13,Neysa Khalsa,Surat,mohanlaldasgupta@yahoo.com,6362937377
14,Tara Maharaj,Ahmedabad,dhawanriya@ray.biz,856769070
15,Drishya Taneja,Surat,asood@gmail.com,3379531625
16,Hazel Sibal,Chennai,dharmajanbajwa@yahoo.com,9.14545E+11
17,Dharmajan Chawla,Jaipur,ayesha56@yahoo.com,9.10153E+11
18,Shayak Ghosh,Surat,keyadeo@gmail.com,2634879663
19,Purab Ghose,Kolkata,yuvraj-rajagopal@yadav-subramanian.com,9.17752E+11
20,Gokul Singhal,Hyderabad,keyabajaj@dhar.biz,314720123
21,Indranil Sharma,Jaipur,priyansh93@gmail.com,9.12288E+11
22,Aaina Dave,Mumbai,pihu44@yahoo.com,4412544930
23,Taran Jhaveri,Surat,saanviravel@chaudhuri.info,1202851564
24,Priyansh Taneja,Chennai,madhup16@hotmail.com,5259205903
25,Nehmat Choudhry,Pune,rohan17@shere.org,3838569181
26,Taimur Venkataraman,Kolkata,gchadha@hotmail.com,2348263357
27,Shray Seshadri,Jaipur,eshani00@dutt.com,9.18149E+11
28,Vardaniya Divan,Surat,ygandhi@hotmail.com,3687152205
29,Anvi Sharaf,Mumbai,tkonda@bir-subramanian.com,4551055195
30,Prerak Kala,Mumbai,fatehsampath@yadav.com,2395655739
31,Hunar Lall,Mumbai,ramachandranvaibhav@yahoo.com,9.17059E+11
32,Vidur Sankar,Delhi,ryan49@yahoo.com,8864343487
33,Aniruddh Atwal,Bengaluru,laganvora@gmail.com,1800318875
34,Gokul Bir,Mumbai,ugour@gmail.com,2516435446
35,Dhanuk Amble,Delhi,uvarkey@hotmail.com,8674151172
36,Lakshit Keer,Ahmedabad,anyabhasin@sarma-dalal.biz,5367742922
37,Keya Gokhale,Jaipur,yogianahi@sabharwal.info,7130351335
38,Bhamini Bera,Ahmedabad,bobalindrajit@hotmail.com,2652191662
39,Kaira Ganesan,Kolkata,prerakuppal@dyal.org,911671119
40,Khushi Ghose,Surat,goswamivaibhav@brahmbhatt.com,9.18748E+11
41,Anya Luthra,Kolkata,lakshay43@hotmail.com,4555138193
42,Zara Jaggi,Surat,gadenitara@sha.com,9.13717E+11
43,Indrans Maharaj,Ahmedabad,banikfaiyaz@hotmail.com,7346726227
44,Mehul Gole,Mumbai,ihayre@hotmail.com,3106160650
45,Vivaan Sood,Pune,shalvhari@hotmail.com,9.11839E+11
46,Ryan Khatri,Mumbai,ysani@yahoo.com,9.10709E+11
47,Dhanuk Tandon,Kolkata,veer04@hotmail.com,2542540400
48,Madhup Khalsa,Pune,bbassi@gmail.com,2060169111
49,Ojas Comar,Kolkata,fde@yahoo.com,5927613615
50,Baiju Bhagat,Ahmedabad,umander@hotmail.com,9397422628
51,Divyansh Kakar,Delhi,ritviksen@verma.biz,716092568
52,Farhan Buch,Kolkata,wbedi@yahoo.com,9.11006E+11
53,Raunak Thaman,Delhi,rmand@kata.com,9219980507
54,Aarav Walla,Kolkata,dinrati@hotmail.com,1419060742
55,Anahi Kale,Pune,sinhanitara@dalal.com,7996676261
56,Piya Bakshi,Mumbai,shlok93@chaudhary.com,2392062502
57,Shalv Tata,Surat,gatikborde@bhattacharyya.com,2853578769
58,Ryan Sundaram,Delhi,suramanjari@gandhi.com,6051697543
59,Sana Venkatesh,Pune,divyansharya@saraf.biz,5036900792
60,Rasha Devan,Hyderabad,vedikabava@yahoo.com,9.10767E+11
61,Darshit Hayre,Jaipur,benamira@gmail.com,924487596
62,Onkar Ahuja,Ahmedabad,dhanuk94@hotmail.com,9.14661E+11
63,Himmat Chahal,Mumbai,kimaya12@gmail.com,2297587980
64,Nakul Bhatia,Chennai,armaangarde@dubey.org,6928470056
65,Anahita Seshadri,Mumbai,kartikroy@viswanathan-krishna.com,9827497552
66,Mishti Tella,Ahmedabad,kartikkrishna@walla.biz,9.10188E+11
67,Manikya Mann,Chennai,kguha@wable.com,1518861216
68,Jayesh Sanghvi,Surat,navya40@hayre.com,7461345119
69,Purab Ahuja,Chennai,nitarabrar@yahoo.com,5513109397
70,Saanvi Khatri,Ahmedabad,samairadash@gera.org,3106084901
71,Jiya Lanka,Ahmedabad,ivangole@dugar.com,6427641039
72,Kavya Rajagopal,Pune,imajumdar@tank.biz,4739948568
73,Yasmin Bera,Mumbai,raghavbora@gmail.com,8622676728
74,Charvi Varma,Pune,sachdevrohan@das.org,9.18758E+11
75,Shray Suresh,Mumbai,yuvaan45@trivedi.com,7983405221
76,Mehul Kalla,Surat,amanithaman@dugar.com,9606343923
77,Anahi Tiwari,Hyderabad,prishacherian@lalla.net,9742644869
78,Vaibhav Jaggi,Kolkata,manjari47@hotmail.com,9.13153E+11
79,Vaibhav Banik,Pune,sankarvritika@hotmail.com,5354873991
80,Bhavin Seshadri,Bengaluru,tsheth@gmail.com,2879100712
81,Ivan Mahal,Chennai,bhavin06@yahoo.com,8855152210
82,Tiya Hayre,Ahmedabad,xsarna@yahoo.com,155375132
83,Aaryahi Chaudhari,Kolkata,uthkarshgole@mand.com,6523144171
84,Zaina Magar,Pune,isampath@hegde.com,5746422827
85,Lagan Kala,Surat,dadakanav@saini.com,9.11725E+11
86,Arnav Balan,Hyderabad,ddhar@manda.com,705846533
87,Neysa Madan,Mumbai,ukalla@gmail.com,2298982776
88,Miraya Dar,Bengaluru,srinivasivan@sodhi.info,9.16273E+11
89,Vedika Balay,Hyderabad,hazelmall@mannan.com,77145170
90,Jayan Madan,Delhi,ojas39@hotmail.com,5434157728
91,Vidur Srinivas,Delhi,farhan99@hotmail.com,2540304326
92,Jivin Sundaram,Hyderabad,lavanyabhalla@saraf.com,6911529535
93,Anika Uppal,Kolkata,wsunder@gmail.com,9.18553E+11
94,Purab Chaudhry,Mumbai,gatikjain@sawhney-shroff.com,467978767
95,Krish Char,Pune,rati92@lad.com,246460188
96,Ivan Doshi,Pune,anahivenkatesh@yahoo.com,3504818593
97,Yasmin Samra,Surat,golasaksham@ray.biz,6641237233
98,Sahil Dar,Surat,madhav56@hotmail.com,9.18507E+11
99,Alisha Chaudhari,Surat,fdewan@hotmail.com,7522822262
100,Nayantara Subramanian,Surat,kiarabasak@yahoo.com,1418135653
101,Oorja Kohli,Pune,umajumdar@dar.org,9.13721E+11
102,Kanav Kohli,Kolkata,prerak67@gmail.com,5606216710
103,Fateh Lata,Surat,azad02@rama-shetty.info,6985759565
104,Dhruv Shanker,Ahmedabad,vaidyaakarsh@de-setty.com,8796555787
105,Sumer Varkey,Pune,bbatta@bobal.com,4804488275
106,Ayesha Sachdev,Kolkata,bkhatri@balakrishnan-kara.net,9.14287E+11
107,Tejas Khare,Mumbai,ogoyal@raval.net,2205048714
108,Shalv Talwar,Bengaluru,bosenishith@sabharwal.info,9.18974E+11
109,Lagan Brar,Pune,khushi14@reddy-mahajan.com,9070589739
110,Trisha Raj,Surat,heerdube@ramachandran.com,9178421424
111,Saira Thakur,Jaipur,hiran38@barman.com,4808665449
112,Neysa Wable,Surat,pari45@hotmail.com,9.13774E+11
113,Ivana Bhalla,Mumbai,kiarasani@gmail.com,7132494757
114,Ela Soman,Jaipur,kotatejas@hotmail.com,5721951069
115,Damini Shah,Kolkata,farhan50@yahoo.com,9.19303E+11
116,Heer Wason,Ahmedabad,zainachhabra@gmail.com,7455756442
117,Sumer Mand,Bengaluru,rattiaarush@madan.com,9.16221E+11
118,Aarush Kala,Chennai,malhotraishita@gmail.com,1601578060
119,Jhanvi Arora,Pune,kanav93@hotmail.com,9.10647E+11
120,Anvi Boase,Hyderabad,mahika10@saran.biz,9874271511
121,Suhana Amble,Delhi,balipriyansh@hotmail.com,451027686
122,Riaan Dhingra,Pune,prerak95@maharaj.info,3016956428
123,Rania Kata,Ahmedabad,purabkrish@gmail.com,3753649616
124,Anaya Thaker,Delhi,tejas82@yahoo.com,9.17126E+11
125,Jayant Aggarwal,Ahmedabad,vritikarama@yahoo.com,6407076508
126,Jivin Karan,Ahmedabad,mallickpihu@yahoo.com,9.18492E+11
127,Aarush Behl,Hyderabad,tbahl@sethi-luthra.com,2262261904
128,Shalv Koshy,Delhi,rbalakrishnan@yahoo.com,3249232125
129,Urvi Borra,Jaipur,anaysachdeva@kala-atwal.com,5780087657
130,Armaan Bhandari,Kolkata,arhaan94@suresh.biz,104996652
131,Urvi Warrior,Surat,daveaaina@ramakrishnan.com,7604107480
132,Kimaya Dhar,Mumbai,hiran69@banerjee.com,9.18975E+11
133,Keya Gala,Kolkata,xtak@sami.info,9.14953E+11
134,Ahana  Vig,Kolkata,okothari@yahoo.com,3274739310
135,Misha Gala,Mumbai,indrans10@madan-wagle.net,6346633228
136,Eshani Reddy,Ahmedabad,lbarad@hotmail.com,264139408
137,Vardaniya Sama,Pune,tanyaborde@yahoo.com,4978403873
138,Hunar Varty,Ahmedabad,indrajit05@randhawa.info,9.15674E+11
139,Kaira Jaggi,Delhi,rkumer@butala.com,9.11263E+11
140,Mehul Chopra,Kolkata,faiyaz05@hotmail.com,2060753987
141,Kashvi Bera,Pune,jayantjoshi@yahoo.com,9.16992E+11
142,Aradhya Comar,Chennai,mohanlal22@srinivasan.info,467806904
143,Farhan Bajwa,Surat,semvedika@chaudhary.com,9.14594E+11
144,Navya Chaudhary,Delhi,ukunda@hotmail.com,9.16125E+11
145,Sana Tella,Bengaluru,vdhawan@amble.biz,9.17086E+11
146,Oorja Kulkarni,Delhi,purab12@hotmail.com,9454718895
147,Ishita Sahni,Pune,wlanka@hotmail.com,6602748137
148,Jayant Rattan,Hyderabad,jivikababu@gmail.com,1673360722
149,Hazel Dugar,Bengaluru,reneesingh@yahoo.com,9856334310
150,Kismat Suri,Surat,sankarnitya@hotmail.com,9.10248E+11
151,Aniruddh Ravi,Chennai,hganesh@sha.com,5161009016
152,Aradhya Mander,Chennai,veer35@bhatnagar.com,9057597924
153,Mahika Deshpande,Pune,abram76@gmail.com,1960338933
154,Hansh Sant,Hyderabad,sakshamgrover@raja.com,8129024118
155,Hazel Bora,Mumbai,saniela@goda.com,71608309
156,Manjari Gandhi,Chennai,gokultaneja@gmail.com,6985507524
157,Aaryahi Gill,Jaipur,chiragbajwa@hotmail.com,9665136120
158,Aniruddh Sethi,Delhi,mishtitella@balan.info,7598408491
159,Shalv Sanghvi,Kolkata,hegdenitara@gmail.com,8357218760
160,Shayak Apte,Kolkata,jkade@varghese-gandhi.com,9.13028E+11
161,Reyansh Wagle,Delhi,aptecharvi@dar.com,2646622144
162,Khushi Sandal,Pune,sekhonnishith@sandal.org,2714022367
163,Romil Gala,Hyderabad,barmansiya@hayer-rajagopalan.net,7819226638
164,Jivika Goel,Ahmedabad,dbaria@yahoo.com,2698720451
165,Gatik Sarkar,Jaipur,sumeredwin@bajaj-varughese.com,792697421
166,Jayant Chhabra,Jaipur,riaangoswami@yahoo.com,1427502457
167,Priyansh Chahal,Hyderabad,chiragcontractor@mand.com,7376766817
168,Sahil Sood,Kolkata,riya27@yahoo.com,4202096059
169,Ishita Ganesh,Surat,valayashvi@hotmail.com,9.14025E+11
170,Drishya Jaggi,Ahmedabad,jiyaagarwal@hotmail.com,9.16669E+11
171,Keya Dhar,Pune,aayushshetty@yahoo.com,520761033
172,Reyansh Magar,Ahmedabad,vaidyapihu@yahoo.com,3331141836
173,Ranbir Hora,Surat,reyanshsahni@hotmail.com,9.13597E+11
174,Taimur Srivastava,Bengaluru,vramanathan@bir.biz,7301905276
175,Urvi Sura,Jaipur,navya93@ghose.com,9.15775E+11
176,Stuvan Bhattacharyya,Jaipur,dhanuk26@golla-khosla.info,9.11185E+11
177,Keya Ahuja,Chennai,anayahayre@batra.biz,9.17055E+11
178,Samaira Taneja,Hyderabad,aradhyachowdhury@yahoo.com,2542476877
179,Pihu Deep,Bengaluru,kiara50@raja.org,9400064658
180,Nitara Chhabra,Kolkata,anahitayohannan@badami-mangat.net,7635571188
181,Umang Bir,Kolkata,rattaonkar@arora.info,9.10962E+11
182,Nirvaan Apte,Surat,jayaramanbaiju@yahoo.com,9.16117E+11
183,Aarna Mane,Jaipur,kashvimanne@gmail.com,1153466443
184,Kabir Badal,Hyderabad,rajagopalreyansh@yahoo.com,9.12235E+11
185,Ishita Barman,Jaipur,ntella@karan.info,9.14321E+11
186,Rhea Gera,Surat,rastogiindrajit@chopra.biz,2050976856
187,Jivika Rana,Mumbai,vedikacheema@gmail.com,813567147
188,Neysa Venkataraman,Ahmedabad,lokeinaaya@yahoo.com,8032393436
189,Hridaan Gala,Pune,kabir71@tella.com,7245057693
190,Shaan Cheema,Hyderabad,rati62@taneja.net,4918110165
191,Vihaan Bhandari,Delhi,anahi37@gmail.com,5396142379
192,Rasha Raju,Mumbai,dray@amble.com,9522229608
193,Purab Aurora,Chennai,ukaur@rau.com,7482850956
194,Raghav Luthra,Ahmedabad,sehertella@goel-virk.com,9.13476E+11
195,Anvi Ghosh,Chennai,bawamadhup@gmail.com,4137945821
196,Arhaan Shan,Delhi,evamadan@hotmail.com,9.10159E+11
197,Indranil Chandra,Surat,uyogi@hotmail.com,4276846977
198,Devansh Saran,Bengaluru,anneindrans@khosla-banerjee.org,388545335
199,Arhaan Sibal,Chennai,badamianvi@gmail.com,219527486
200,Chirag Divan,Jaipur,qmanne@balan-mangal.com,9.19778E+11
201,Lakshit Sandal,Chennai,dashkismat@gmail.com,9.19819E+11
202,Anahita Yogi,Chennai,bhargavaamani@gmail.com,9.18445E+11
203,Pihu Sharma,Jaipur,neysakhosla@hotmail.com,7699245767
204,Jayan Seshadri,Bengaluru,miraan23@hotmail.com,7888453435
205,Taran Seth,Kolkata,mahajanriaan@hotmail.com,8339169813
206,Manjari Sehgal,Bengaluru,mgour@halder.com,4314209971
207,Ishaan Desai,Bengaluru,golaanaya@sidhu.net,6464427335
208,Divyansh Bajwa,Ahmedabad,anaya65@khatri-barad.com,5893554129
209,Nayantara Edwin,Hyderabad,baijutiwari@hotmail.com,3685945068
210,Samar Contractor,Surat,oorjachada@hotmail.com,9.15628E+11
211,Aayush Apte,Hyderabad,shroffindrans@yahoo.com,9.17184E+11
212,Anaya Bumb,Chennai,khushi15@gmail.com,2951986256
213,Kaira Kata,Kolkata,raunakraj@luthra-shenoy.com,114951779
214,Nayantara Iyer,Surat,lloke@shanker-bhat.com,9.19983E+11
215,Nishith Karnik,Delhi,ryan99@basu.com,1527999118
216,Umang Guha,Pune,jhanvi17@kala.com,4128291100
217,Nakul Barman,Kolkata,abram58@gmail.com,9.19235E+11
218,Nakul Chana,Kolkata,sankarojas@kumar.com,9916376453
219,Aaina Soman,Mumbai,chahalfarhan@tandon.biz,6172270703
220,Neelofar Sanghvi,Delhi,advik41@gmail.com,9023763316
221,Saira Ganguly,Mumbai,tchopra@tandon.biz,9028817064
222,Parinaaz Ben,Ahmedabad,aggarwalindrans@yahoo.com,6665212449
223,Aarna Boase,Jaipur,indranilkohli@yahoo.com,9.16032E+11
224,Badal Amble,Ahmedabad,rrandhawa@hotmail.com,2575270293
225,Badal Lanka,Mumbai,dugalhimmat@bhatnagar-reddy.com,8547953572
226,Advik Borra,Mumbai,dharsumer@hotmail.com,3698534929
227,Amani Borah,Bengaluru,vivaan80@gmail.com,9.17568E+11
228,Drishya Varghese,Bengaluru,oshenoy@hotmail.com,2690028736
229,Dhanush Wadhwa,Ahmedabad,uwagle@yahoo.com,9.10828E+11
230,Akarsh Singh,Bengaluru,xcomar@issac-rastogi.com,4871959064
231,Madhup Kapadia,Kolkata,magaramani@yahoo.com,8812718780
232,Dhanuk Bora,Chennai,kapurtaran@chowdhury-bath.biz,9.15324E+11
233,Rati Chad,Delhi,hkoshy@yahoo.com,2848964413
234,Aaina Saini,Delhi,zmann@hotmail.com,5182139901
235,Navya Date,Delhi,miraan57@yahoo.com,3184318154
236,Mohanlal Bhandari,Surat,ckannan@gandhi.info,9862667847
237,Umang Rajagopal,Bengaluru,bailaarav@sastry.biz,9281424581
238,Hrishita Lanka,Kolkata,gbhattacharyya@yahoo.com,1110051999
239,Aayush Tak,Delhi,eladin@thaker.org,9.19409E+11
240,Lagan Badal,Bengaluru,galaehsaan@sastry.com,6000957888
241,Arhaan Tata,Jaipur,parikadakia@sharaf-dara.org,4170920031
242,Aarna Soman,Pune,somananika@upadhyay-sarin.com,5583110155
243,Priyansh Sachar,Delhi,irajain@sundaram-sandhu.com,9.15848E+11
244,Yakshit Chaudry,Surat,qdate@yahoo.com,9115376608
245,Aayush Sibal,Chennai,lagan65@yahoo.com,9.11664E+11
246,Baiju Dani,Chennai,jivika04@kannan.org,9070207727
247,Tejas Rout,Delhi,karnikshaan@yahoo.com,500582595
248,Ritvik Grover,Pune,manikyaramachandran@sura.com,8811188811
249,Krish Sathe,Ahmedabad,eva29@gmail.com,7960586719
250,Veer Wali,Bengaluru,kiaankarnik@hotmail.com,7222381951
251,Charvi Mannan,Ahmedabad,jivin36@dalia.net,9.17839E+11
252,Ranbir Datta,Mumbai,oorja04@gmail.com,9.11653E+11
253,Riya Gala,Bengaluru,baralsaira@yahoo.com,9.13525E+11
254,Chirag Verma,Delhi,kiaan29@gmail.com,8317701263
255,Manikya Ramakrishnan,Kolkata,divijsathe@hotmail.com,9.1373E+11
256,Mahika Sastry,Chennai,vvasa@gmail.com,9.10122E+11
257,Vidur Bail,Jaipur,tarasaxena@subramaniam.org,9.15045E+11
258,Nitara Deshpande,Chennai,lakshaylata@yahoo.com,924695800
259,Anika Gola,Ahmedabad,ubasu@kota.com,6930846840
260,Taran Kothari,Ahmedabad,pranay03@yahoo.com,9.11253E+11
261,Neysa Chokshi,Mumbai,raunaksani@hotmail.com,2698980174
262,Zara Boase,Hyderabad,zdhaliwal@krishna.info,9.12986E+11
263,Fateh Krishnan,Chennai,shayakjani@hotmail.com,2161039996
264,Nitara Ganesan,Chennai,raovritika@gmail.com,3047480293
265,Neysa Malhotra,Chennai,tandondivit@varkey.com,9772195576
266,Purab Handa,Jaipur,kaira81@yahoo.com,6663554109
267,Rati Chanda,Pune,vardaniyalal@behl.com,9.17035E+11
268,Aaryahi Shan,Pune,nitarasandal@lad-sani.info,568103505
269,Hunar Dalal,Bengaluru,dewanshray@hotmail.com,9.16682E+11
270,Bhavin Gandhi,Bengaluru,evabaral@upadhyay.com,9.15242E+11
271,Nirvaan Buch,Chennai,bavanitara@khosla.net,9.15489E+11
272,Adira Chakrabarti,Ahmedabad,manikyabutala@yahoo.com,1406079450
273,Amira Behl,Ahmedabad,shamik15@dubey-warrior.com,9.11649E+11
274,Samarth Grewal,Chennai,samarthbajwa@gade.com,6437495154
275,Ayesha Borah,Jaipur,hansh39@saran-barad.com,9549734062
276,Sana Sethi,Pune,bgala@sangha.net,7890577280
277,Lakshay Bose,Delhi,nitarasachdeva@yahoo.com,8865750170
278,Rhea Arora,Bengaluru,zain17@agrawal-bhat.com,2771422734
279,Kartik Ramanathan,Hyderabad,indrans36@yahoo.com,308661968
280,Jivika Krishnan,Pune,hridaanhora@rajagopal.com,1417433890
281,Dhruv Sawhney,Delhi,dattadishani@dugal-badami.info,877026952
282,Zara Sama,Hyderabad,jiyagill@shan.net,3097865298
283,Aayush Goyal,Ahmedabad,osaha@raja.net,345006749
284,Kiaan Dada,Hyderabad,mkala@hotmail.com,3696066407
285,Anvi Tara,Hyderabad,raghav12@kurian.com,4653994935
286,Alia Bath,Kolkata,farhanmand@rout.com,9.14464E+11
287,Inaaya  Buch,Ahmedabad,tankritvik@hotmail.com,855937769
288,Shalv Vyas,Mumbai,sdugar@rama.com,9.10618E+11
289,Ayesha Varughese,Ahmedabad,samaira10@gmail.com,9908014173
290,Ira Suri,Kolkata,yuvaanmaster@gmail.com,9.16628E+11
291,Yakshit Mahajan,Jaipur,kartikchar@gmail.com,8014807708
292,Lakshay Chatterjee,Chennai,divitsridhar@hotmail.com,9.13163E+11
293,Jayesh Kamdar,Delhi,goswamialia@hotmail.com,1757884480
294,Hazel Bhalla,Kolkata,ythaker@hotmail.com,9.14978E+11
295,Tarini Raval,Mumbai,sana70@hotmail.com,6735460090
296,Vihaan Vaidya,Mumbai,savantromil@ramesh.biz,9.13013E+11
297,Anika Dugal,Bengaluru,zain13@hotmail.com,893378590
298,Ahana  Char,Bengaluru,qdhillon@behl.com,9.14505E+11
299,Ahana  Manda,Delhi,sahnimiraya@choudhury.com,9.16931E+11
300,Fateh Srinivas,Chennai,anvibandi@khatri.biz,9.18249E+11
301,Hiran Wadhwa,Mumbai,kavyakrishna@yahoo.com,7459857811
302,Sumer Sachdev,Delhi,arorasamarth@yahoo.com,6818720004
303,Sara Goel,Hyderabad,lakshit13@dasgupta.com,9.1872E+11
304,Yuvaan Khurana,Chennai,hrishitadalal@hotmail.com,9.1909E+11
305,Mannat Arora,Bengaluru,tellayuvaan@lala.com,747931551
306,Vanya Anne,Jaipur,hridaan58@hotmail.com,663284973
307,Aarush Keer,Pune,dishani56@bora-yadav.biz,1928128284
308,Nakul Sandhu,Kolkata,kaladharmajan@yahoo.com,3858951998
309,Nakul Balan,Ahmedabad,takpurab@gmail.com,8965130835
310,Tarini Warrior,Delhi,dgole@hotmail.com,8502789914
311,Zoya Barad,Pune,jhanvi69@gmail.com,4736693426
312,Jivin Bumb,Mumbai,daraanika@dalia.info,1288613084
313,Shayak Talwar,Ahmedabad,kartiksathe@chokshi.com,3402871534
314,Mannat Mandal,Chennai,madhav99@hotmail.com,2536528092
315,Rhea Kade,Ahmedabad,borrarasha@gmail.com,9.14894E+11
316,Shanaya Madan,Chennai,ibhardwaj@gmail.com,9.14914E+11
317,Darshit Agate,Jaipur,pdara@hotmail.com,9.12883E+11
318,Jayant Bhandari,Delhi,shayak65@chandra.com,8220194720
319,Armaan Devan,Delhi,drishya44@cheema-saraf.com,9.19271E+11
320,Raunak Batra,Mumbai,onkarkumer@kadakia.com,3590365721
321,Akarsh Bakshi,Pune,wkhurana@mani.com,8296314653
322,Taran Raja,Ahmedabad,grovernayantara@ahuja-ghosh.org,8526656079
323,Samarth Dalal,Jaipur,tgoswami@gmail.com,3241262605
324,Krish Bhatnagar,Pune,priyanshcherian@gmail.com,1325292294
325,Neelofar Jaggi,Mumbai,nramaswamy@hotmail.com,9.15902E+11
326,Aarav Raju,Chennai,hegdefateh@yahoo.com,9.14119E+11
327,Krish Deo,Kolkata,borrayakshit@yahoo.com,247016921
328,Kabir Som,Bengaluru,ishitawadhwa@hans.net,149970366
329,Nehmat Bhasin,Surat,neelofarshah@thaman-taneja.com,9.18726E+11
330,Purab Gade,Kolkata,ykorpal@ravi.org,8402312871
331,Manikya Buch,Jaipur,anahitaswaminathan@choudhury.com,2367396729
332,Divit Golla,Kolkata,abhargava@char.com,9.17349E+11
333,Prisha Bal,Kolkata,shalvyadav@warrior.com,9.19265E+11
334,Madhup Amble,Surat,sarkarraunak@sidhu-mane.net,9276752922
335,Vanya Walia,Jaipur,anikadani@yahoo.com,9.16496E+11
336,Ojas Ganguly,Bengaluru,qtalwar@yahoo.com,4844613367
337,Kaira Sangha,Hyderabad,ranagokul@chokshi.net,9671276370
338,Shray Mahal,Ahmedabad,byogi@kota.com,9.16286E+11
339,Hrishita Date,Hyderabad,laganranganathan@yahoo.com,9.1402E+11
340,Vardaniya Soman,Hyderabad,yakshit83@yahoo.com,3306993337
341,Yuvaan Thaker,Ahmedabad,tarafaiyaz@vohra.com,8194172399
342,Hridaan Bhagat,Mumbai,aarna86@gmail.com,9.14645E+11
343,Yakshit Som,Jaipur,zkhanna@bava.org,6230198977
344,Sara Issac,Hyderabad,trisha09@hotmail.com,3427924179
345,Anika Amble,Kolkata,basujiya@yahoo.com,9.19824E+11
346,Kanav Golla,Surat,inaaya-11@chhabra.com,9.16119E+11
347,Mehul Sanghvi,Jaipur,aniruddhdugal@gmail.com,1868359097
348,Divij Rajan,Ahmedabad,myrabir@bhat.com,9.11711E+11
349,Vivaan Yogi,Kolkata,nitaracheema@hotmail.com,1494723237
350,Miraan Hegde,Pune,damini36@bala.com,7314878347
351,Nakul Bandi,Pune,anvichandra@deol.com,3320907725
352,Sahil Rau,Surat,indrajit61@gmail.com,6597798175
353,Devansh Bava,Mumbai,sahil42@verma.org,169016872
354,Jiya Yadav,Bengaluru,khatrianahi@hotmail.com,9.17712E+11
355,Eva Dutt,Bengaluru,chanadiya@trivedi-balay.com,9.1727E+11
356,Emir Dewan,Jaipur,balasubramaniangokul@gmail.com,7689460579
357,Divit Datta,Kolkata,saksham32@ben.com,9.10748E+11
358,Armaan Chacko,Delhi,kismatbir@hotmail.com,5986664186
359,Divyansh Sodhi,Mumbai,saxenafateh@vasa.net,5821567103
360,Zoya Kant,Hyderabad,vritikabrar@hotmail.com,1539345892
361,Umang Bedi,Surat,riaandar@yahoo.com,9603452439
362,Armaan Arora,Chennai,dattanishith@chatterjee-dhingra.com,9.16562E+11
363,Oorja Srinivas,Ahmedabad,chauhanalisha@gmail.com,9.16815E+11
364,Vanya Ganesh,Delhi,dinraunak@gmail.com,6818267946
365,Lakshay Seth,Chennai,miraya56@yahoo.com,1910665074
366,Diya Kashyap,Delhi,shalvbala@venkatesh.com,9.16433E+11
367,Samiha Goda,Surat,divyanshhari@ganesan-seth.com,6142919785
368,Miraya Shanker,Bengaluru,raniadixit@rajan.com,5889995737
369,Adah Varma,Jaipur,pranay81@anne.com,5345483936
370,Amira Shere,Mumbai,jainakarsh@wable.com,9.14166E+11
371,Hiran Rama,Bengaluru,trishabhat@gmail.com,2604810789
372,Vihaan Thakur,Surat,krishsachdeva@kulkarni-mane.com,8311717915
373,Ela Amble,Pune,ivan45@yahoo.com,4235831560
374,Anaya Barman,Pune,elakshi46@hotmail.com,6846073756
375,Ela Ratti,Delhi,balaytanya@sagar-sidhu.biz,3110538591
376,Suhana Srivastava,Bengaluru,baralumang@gmail.com,955633596
377,Damini Bhalla,Bengaluru,madhavsagar@joshi.com,541367011
378,Kiara Bal,Chennai,gcomar@gmail.com,9.10144E+11
379,Nakul Balan,Chennai,shanaya50@ratti.com,7840507219
380,Jivin Lad,Ahmedabad,dlanka@hotmail.com,5734751392
381,Divyansh Bhavsar,Bengaluru,zdey@garg.com,8542828457
382,Vidur Solanki,Hyderabad,devanshtalwar@mandal.info,9.11995E+11
383,Badal Thaker,Hyderabad,ehsaanluthra@wali-ghosh.net,3591990872
384,Samiha Devi,Kolkata,hunarbora@hotmail.com,9050764693
385,Prerak Deep,Delhi,jshetty@contractor.com,9.14482E+11
386,Vaibhav Chhabra,Bengaluru,aayushdhawan@mane.com,4241560653
387,Parinaaz Dewan,Delhi,issacyashvi@chaudhari.com,8779834276
388,Bhavin Bava,Pune,danianahi@ramakrishnan-kannan.com,8243271882
389,Madhav Dass,Hyderabad,tarasankar@bhatti.com,2701550573
390,Vidur Shukla,Surat,voralavanya@hotmail.com,7022666282
391,Anya Biswas,Chennai,zdeol@dube.org,6482828766
392,Myra Borra,Hyderabad,mangatbadal@gmail.com,6269480993
393,Kashvi Batra,Hyderabad,tkrishna@sundaram.com,9.17007E+11
394,Oorja Ramachandran,Chennai,tarandhawan@samra.com,3154672680
395,Ranbir Sule,Chennai,crana@sabharwal.biz,9.11029E+11
396,Aaryahi Talwar,Pune,daliaromil@sibal.com,5111052654
397,Hansh Arora,Kolkata,kluthra@grewal-lad.com,9.157E+11
398,Ranbir Bail,Kolkata,khatrimiraan@manne.biz,1843615175
399,Vivaan Swaminathan,Hyderabad,sumermagar@gmail.com,3148745733
400,Jayant Korpal,Kolkata,sahil58@hotmail.com,9.12776E+11
401,Zain Tailor,Jaipur,priyansh06@kumar.com,119393903
402,Hazel Ben,Chennai,shray12@gade.biz,9.18807E+11
403,Indrans Dugar,Mumbai,keya70@yahoo.com,2592377154
404,Mishti Khatri,Surat,reyanshsubramaniam@gera.com,1087853375
405,Abram Kakar,Hyderabad,khareinaaya@rana-sarma.biz,9.1801E+11
406,Navya Joshi,Mumbai,bireshani@gmail.com,5572661151
407,Kaira Raman,Mumbai,dhanush62@hotmail.com,1013273403
408,Mishti Dora,Ahmedabad,wganesh@gmail.com,8178870056
409,Lagan Divan,Jaipur,ivarty@sundaram-venkatesh.com,9635050031
410,Purab Bakshi,Chennai,adirawarrior@hotmail.com,410275972
411,Amani Anand,Kolkata,baralabram@shah.com,5988539216
412,Mehul Sur,Bengaluru,ishaan53@gmail.com,5243226091
413,Renee Dave,Ahmedabad,siya10@bakshi-dugar.biz,2061282399
414,Zeeshan Cherian,Ahmedabad,aarnade@gmail.com,9.11247E+11
415,Madhav Khalsa,Ahmedabad,kismatsagar@varma-badal.com,5744189002
416,Tejas Bumb,Kolkata,fseth@venkataraman-rout.com,8110222566
417,Hunar Chacko,Chennai,aaryahikhatri@sankaran.info,737738573
418,Anay Kurian,Pune,riyachad@wable.net,419911307
419,Myra Goyal,Bengaluru,dthakkar@gmail.com,7950607666
420,Aaina Bhatti,Kolkata,tarini77@bakshi.com,6038652273
421,Anaya Deol,Hyderabad,tkara@yahoo.com,4163512500
422,Samarth Bhatti,Hyderabad,rray@hotmail.com,9.19505E+11
423,Advik Lad,Jaipur,krish17@hotmail.com,9.17819E+11
424,Umang Vyas,Delhi,kalaindrans@hotmail.com,9.15382E+11
425,Drishya Karan,Mumbai,ladaarna@hotmail.com,479351091
426,Jhanvi Chandra,Bengaluru,lsharaf@yahoo.com,9.13858E+11
427,Amani Varma,Delhi,kashvirama@maharaj.com,9.16846E+11
428,Himmat Vohra,Delhi,fsabharwal@sagar.com,710645613
429,Indranil Saini,Ahmedabad,yuvraj-konda@hotmail.com,1882036623
430,Tiya Bali,Hyderabad,yasmin56@yahoo.com,4067225824
431,Elakshi Bahl,Mumbai,hhalder@gmail.com,9.11283E+11
432,Shayak Bath,Delhi,ngera@hotmail.com,2418826064
433,Advika Dutt,Ahmedabad,aayushsubramanian@yahoo.com,7978877509
434,Pari Kala,Hyderabad,vanyadeshmukh@shukla.com,752087496
435,Jivin Baria,Jaipur,trisha65@sur-dara.com,5491129346
436,Arnav Wali,Delhi,heer39@sehgal-arya.com,4721095154
437,Reyansh Srivastava,Pune,reyansh08@gmail.com,6983429366
438,Gokul Vasa,Delhi,odhawan@gmail.com,8840999481
439,Vardaniya Devan,Surat,pranay49@hotmail.com,1763301181
440,Navya Bhatia,Chennai,xkorpal@gmail.com,9149120229
441,Prisha Singh,Chennai,slanka@deo.org,9.18402E+11
442,Aniruddh Samra,Delhi,ibir@halder.com,929694240
443,Samiha Das,Delhi,yashvikuruvilla@gmail.com,9.10257E+11
444,Eva Sarna,Hyderabad,basakkashvi@gmail.com,4035429076
445,Baiju Manda,Delhi,brao@gmail.com,9.16497E+11
446,Adah Edwin,Hyderabad,mchadha@yahoo.com,9.14126E+11
447,Rasha Dugal,Mumbai,charvi61@gmail.com,9936731891
448,Yasmin Shroff,Chennai,wshroff@sahni-ramanathan.info,6643225330
449,Seher Chaudhry,Jaipur,urvi42@uppal.com,6312198407
450,Badal Gokhale,Chennai,daminitalwar@yahoo.com,6263287767
451,Stuvan Gokhale,Hyderabad,zarabhatt@sarraf.net,5698005139
452,Samar Badal,Hyderabad,lavanyamandal@yahoo.com,5863402441
453,Dhanush Thakkar,Delhi,misha19@yahoo.com,9.17221E+11
454,Tara Khurana,Mumbai,ayeshasant@yahoo.com,9.11596E+11
455,Khushi Sharma,Mumbai,yuvraj-rastogi@bal.com,5260756814
456,Shray Sahni,Chennai,nakul48@gmail.com,5717028104
457,Elakshi Biswas,Kolkata,nityasami@yahoo.com,2584007564
458,Renee Grewal,Pune,tellaira@chawla.info,4102206369
459,Drishya Sankaran,Jaipur,atwalfaiyaz@yahoo.com,5463669450
460,Ojas Garg,Jaipur,shettydivyansh@gmail.com,5427909729
461,Ryan Singhal,Jaipur,hanshshan@gmail.com,5013130131
462,Mannat Seth,Bengaluru,diya48@mangal-mandal.net,1880198671
463,Diya Doshi,Hyderabad,kamdarayesha@sane.com,5263343412
464,Ayesha Thakur,Mumbai,ratigoda@yahoo.com,8636612731
465,Arnav Dada,Delhi,shaan71@bawa.com,9.19596E+11
466,Dishani Maharaj,Bengaluru,rattamadhup@yahoo.com,3895005519
467,Sara Doshi,Bengaluru,sahakabir@barad.info,7286511179
468,Himmat Choudhary,Chennai,xkade@kalita.com,7144780964
469,Gatik Korpal,Ahmedabad,jmallick@viswanathan-kala.com,6830668175
470,Vihaan Savant,Chennai,lakshayravi@hotmail.com,9337876976
471,Misha Toor,Mumbai,ashah@bali.biz,6133634457
472,Saanvi Hari,Pune,indranilsane@sheth.info,1058691355
473,Charvi Agrawal,Pune,xkumar@krishnan.com,1465771151
474,Azad Zacharia,Chennai,shettyalia@chana.com,4094634595
475,Dhanush Ram,Surat,dharmajanmaster@gmail.com,9.19088E+11
476,Siya Brahmbhatt,Delhi,indrajitdutt@goel-virk.net,9.19839E+11
477,Madhav Bhalla,Delhi,onkarvarma@de-gupta.com,869368115
478,Raghav Wali,Hyderabad,baijuchadha@sane.net,1743797589
479,Hansh Kibe,Surat,heer81@kashyap-goyal.net,9.12183E+11
480,Hiran Mani,Pune,elakshi44@batta-kumar.info,9.10047E+11
481,Heer Varghese,Bengaluru,ykeer@som.info,9.19516E+11
482,Jayesh Varughese,Bengaluru,daminisuresh@dutt-dhawan.biz,9.15505E+11
483,Jhanvi Swamy,Ahmedabad,swamychirag@yahoo.com,9.18045E+11
484,Nishith Handa,Delhi,magarbhavin@hotmail.com,2461397540
485,Siya Bava,Bengaluru,anya58@hotmail.com,7690017525
486,Kiara Mall,Chennai,nishithdate@gmail.com,6740343525
487,Arhaan Date,Jaipur,bavanayantara@sankar-chadha.com,7243963124
488,Mishti Toor,Kolkata,sahotabhamini@hotmail.com,8379573288
489,Farhan Dhaliwal,Delhi,anvigala@ramachandran.info,9.13321E+11
490,Aarush Kara,Kolkata,vbassi@baria.info,8917232802
491,Diya Boase,Kolkata,parinaaz94@hotmail.com,3400801435
492,Urvi Brar,Chennai,ira38@salvi.biz,7398501201
493,Vivaan Chaudry,Bengaluru,hanshdeo@gmail.com,3671114419
494,Sumer Wali,Hyderabad,brahmbhattdishani@ghosh.net,4300007798
495,Jayan Bala,Ahmedabad,bgade@yahoo.com,5239909721
496,Dhanuk Edwin,Jaipur,imahajan@yahoo.com,9.18269E+11
497,Azad Shan,Kolkata,samairabutala@hotmail.com,9.15743E+11
498,Miraya Chaudhary,Jaipur,nbakshi@dara.info,7029099739
499,Onkar Ahuja,Hyderabad,bkar@sodhi.com,9759322359
500,Drishya Talwar,Bengaluru,ugole@raval.biz,9.14544E+11
